<animation>
	<eye>
		<width>300</width>
		<height>400</height>
		<distance>90</distance>
		<centerX>150</centerX>
		<centerY>170</centerY>
		<duration>0.08</duration>
		<imageList>
			<imageName>fd0001@2x.png</imageName>
			<imageName>fd0002@2x.png</imageName>
			<imageName>fd0003@2x.png</imageName>
			<imageName>fd0004@2x.png</imageName>
			<imageName>fd0005@2x.png</imageName>
			<imageName>fd0006@2x.png</imageName>
			<imageName>fd0007@2x.png</imageName>
			<imageName>fd0008@2x.png</imageName>
			<imageName>fd0009@2x.png</imageName>
			<imageName>fd0010@2x.png</imageName>
			<imageName>fd0011@2x.png</imageName>
			<imageName>fd0012@2x.png</imageName>
			<imageName>fd0013@2x.png</imageName>
			<imageName>fd0014@2x.png</imageName>
			<imageName>fd0015@2x.png</imageName>
			<imageName>fd0016@2x.png</imageName>
			<imageName>fd0017@2x.png</imageName>
			<imageName>fd0018@2x.png</imageName>
			<imageName>fd0019@2x.png</imageName>
			<imageName>fd0020@2x.png</imageName>
			<imageName>fd0021@2x.png</imageName>
			<imageName>fd0022@2x.png</imageName>
			<imageName>fd0023@2x.png</imageName>
			<imageName>fd0024@2x.png</imageName>
			<imageName>fd0025@2x.png</imageName>
			<imageName>fd0026@2x.png</imageName>
			<imageName>fd0027@2x.png</imageName>
			<imageName>fd0028@2x.png</imageName>
			<imageName>fd0029@2x.png</imageName>
			<imageName>fd0030@2x.png</imageName>
			<imageName>fd0031@2x.png</imageName>
			<imageName>fd0032@2x.png</imageName>
			<imageName>fd0033@2x.png</imageName>
			<imageName>fd0034@2x.png</imageName>
			<imageName>fd0035@2x.png</imageName>
			<imageName>fd0036@2x.png</imageName>
			<imageName>fd0037@2x.png</imageName>
		</imageList>
	</eye>	
	<mouth>
		<width>300</width>
		<height>400</height>
		<distance>90</distance>
		<centerX>150</centerX>
		<centerY>350</centerY>
		<duration>0.08</duration>
		<imageList>
			<imageName>nz0001@2x.png</imageName>
			<imageName>nz0002@2x.png</imageName>
			<imageName>nz0003@2x.png</imageName>
			<imageName>nz0004@2x.png</imageName>
			<imageName>nz0005@2x.png</imageName>
			<imageName>nz0006@2x.png</imageName>
			<imageName>nz0007@2x.png</imageName>
			<imageName>nz0008@2x.png</imageName>
			<imageName>nz0009@2x.png</imageName>
			<imageName>nz0010@2x.png</imageName>
			<imageName>nz0011@2x.png</imageName>
			<imageName>nz0012@2x.png</imageName>
			<imageName>nz0013@2x.png</imageName>
			<imageName>nz0014@2x.png</imageName>
			<imageName>nz0015@2x.png</imageName>
			<imageName>nz0016@2x.png</imageName>
			<imageName>nz0017@2x.png</imageName>
			<imageName>nz0018@2x.png</imageName>
			<imageName>nz0019@2x.png</imageName>
			<imageName>nz0020@2x.png</imageName>
			<imageName>nz0021@2x.png</imageName>
			<imageName>nz0022@2x.png</imageName>
			<imageName>nz0023@2x.png</imageName>
			<imageName>nz0024@2x.png</imageName>
			<imageName>nz0025@2x.png</imageName>
			<imageName>nz0026@2x.png</imageName>
			<imageName>nz0027@2x.png</imageName>
			<imageName>nz0028@2x.png</imageName>
			<imageName>nz0029@2x.png</imageName>
			<imageName>nz0030@2x.png</imageName>
			<imageName>nz0031@2x.png</imageName>
			<imageName>nz0032@2x.png</imageName>
			<imageName>nz0033@2x.png</imageName>
			<imageName>nz0034@2x.png</imageName>
			<imageName>nz0035@2x.png</imageName>
			<imageName>nz0036@2x.png</imageName>
			<imageName>nz0037@2x.png</imageName>
		</imageList>
	</mouth>	
</animation>