<animation>
	<eye>
		<width>608</width>
		<height>345</height>
		<distance>300</distance>
		<centerX>304</centerX>
		<centerY>105</centerY>
		<duration>0.08</duration>
		<imageList>
			<imageName>axfl0001.png</imageName>
			<imageName>axfl0002.png</imageName>
			<imageName>axfl0003.png</imageName>
			<imageName>axfl0004.png</imageName>
			<imageName>axfl0005.png</imageName>
			<imageName>axfl0006.png</imageName>
			<imageName>axfl0007.png</imageName>
			<imageName>axfl0008.png</imageName>
			<imageName>axfl0009.png</imageName>
			<imageName>axfl0010.png</imageName>
			<imageName>axfl0011.png</imageName>
			<imageName>axfl0012.png</imageName>
			<imageName>axfl0013.png</imageName>
			<imageName>axfl0014.png</imageName>
			<imageName>axfl0015.png</imageName>
			<imageName>axfl0016.png</imageName>
			<imageName>axfl0017.png</imageName>
			<imageName>axfl0018.png</imageName>
			<imageName>axfl0019.png</imageName>
			<imageName>axfl0020.png</imageName>
			<imageName>axfl0021.png</imageName>
			<imageName>axfl0022.png</imageName>
			<imageName>axfl0023.png</imageName>
			<imageName>axfl0024.png</imageName>
			<imageName>axfl0025.png</imageName>
			<imageName>axfl0026.png</imageName>
			<imageName>axfl0027.png</imageName>
			<imageName>axfl0028.png</imageName>
			<imageName>axfl0029.png</imageName>
			<imageName>axfl0030.png</imageName>
			<imageName>axfl0031.png</imageName>
			<imageName>axfl0032.png</imageName>
			<imageName>axfl0033.png</imageName>
			<imageName>axfl0034.png</imageName>
			<imageName>axfl0035.png</imageName>
			<imageName>axfl0036.png</imageName>
			<imageName>axfl0037.png</imageName>
		</imageList>
	</eye>
	<bottom>
		<width>1080</width>
		<height>1920</height>
		<duration>0.08</duration>
		<imageList>
			<imageName>axflbj0001.png</imageName>
			<imageName>axflbj0002.png</imageName>
			<imageName>axflbj0003.png</imageName>
			<imageName>axflbj0004.png</imageName>
			<imageName>axflbj0005.png</imageName>
			<imageName>axflbj0006.png</imageName>
			<imageName>axflbj0007.png</imageName>
			<imageName>axflbj0008.png</imageName>
			<imageName>axflbj0009.png</imageName>
			<imageName>axflbj0010.png</imageName>
			<imageName>axflbj0011.png</imageName>
			<imageName>axflbj0012.png</imageName>
			<imageName>axflbj0013.png</imageName>
			<imageName>axflbj0014.png</imageName>
			<imageName>axflbj0015.png</imageName>
			<imageName>axflbj0016.png</imageName>
			<imageName>axflbj0017.png</imageName>
			<imageName>axflbj0018.png</imageName>
			<imageName>axflbj0019.png</imageName>
			<imageName>axflbj0020.png</imageName>
			<imageName>axflbj0021.png</imageName>
			<imageName>axflbj0022.png</imageName>
			<imageName>axflbj0023.png</imageName>
			<imageName>axflbj0024.png</imageName>
			<imageName>axflbj0025.png</imageName>
			<imageName>axflbj0026.png</imageName>
			<imageName>axflbj0027.png</imageName>
			<imageName>axflbj0028.png</imageName>
			<imageName>axflbj0029.png</imageName>
			<imageName>axflbj0030.png</imageName>
			<imageName>axflbj0031.png</imageName>
			<imageName>axflbj0032.png</imageName>
			<imageName>axflbj0033.png</imageName>
			<imageName>axflbj0034.png</imageName>
			<imageName>axflbj0035.png</imageName>
			<imageName>axflbj0036.png</imageName>
			<imageName>axflbj0037.png</imageName>
		</imageList>
</bottom>
</animation>

