<animation>
	<eye>
		<width>300</width>
		<height>400</height>
		<distance>90</distance>
		<centerX>150</centerX>
		<centerY>195</centerY>
		<duration>0.08</duration>
		<imageList>
			<imageName>mhl0001@2x.png</imageName>
			<imageName>mhl0002@2x.png</imageName>
			<imageName>mhl0003@2x.png</imageName>
			<imageName>mhl0004@2x.png</imageName>
			<imageName>mhl0005@2x.png</imageName>
			<imageName>mhl0006@2x.png</imageName>
			<imageName>mhl0007@2x.png</imageName>
			<imageName>mhl0008@2x.png</imageName>
			<imageName>mhl0009@2x.png</imageName>
			<imageName>mhl0010@2x.png</imageName>
			<imageName>mhl0011@2x.png</imageName>
			<imageName>mhl0012@2x.png</imageName>
			<imageName>mhl0013@2x.png</imageName>
			<imageName>mhl0014@2x.png</imageName>
			<imageName>mhl0015@2x.png</imageName>
			<imageName>mhl0016@2x.png</imageName>
			<imageName>mhl0017@2x.png</imageName>
			<imageName>mhl0018@2x.png</imageName>
			<imageName>mhl0019@2x.png</imageName>
			<imageName>mhl0020@2x.png</imageName>
			<imageName>mhl0021@2x.png</imageName>
			<imageName>mhl0022@2x.png</imageName>
			<imageName>mhl0023@2x.png</imageName>
			<imageName>mhl0024@2x.png</imageName>
			<imageName>mhl0025@2x.png</imageName>
			<imageName>mhl0026@2x.png</imageName>
			<imageName>mhl0027@2x.png</imageName>
			<imageName>mhl0028@2x.png</imageName>
			<imageName>mhl0029@2x.png</imageName>
			<imageName>mhl0030@2x.png</imageName>
			<imageName>mhl0031@2x.png</imageName>
			<imageName>mhl0032@2x.png</imageName>
			<imageName>mhl0033@2x.png</imageName>
			<imageName>mhl0034@2x.png</imageName>
			<imageName>mhl0035@2x.png</imageName>
			<imageName>mhl0036@2x.png</imageName>
			<imageName>mhl0037@2x.png</imageName>
		</imageList>
	</eye>	
</animation>