<animation>
	<eye>
		<width>300</width>
		<height>400</height>
		<distance>96</distance>
		<centerX>159</centerX>
		<centerY>450</centerY>
		<duration>0.08</duration>
		<imageList>
			<imageName>xmbj0001@2x.png</imageName>
			<imageName>xmbj0002@2x.png</imageName>
			<imageName>xmbj0003@2x.png</imageName>
			<imageName>xmbj0004@2x.png</imageName>
			<imageName>xmbj0005@2x.png</imageName>
			<imageName>xmbj0006@2x.png</imageName>
			<imageName>xmbj0007@2x.png</imageName>
			<imageName>xmbj0008@2x.png</imageName>
			<imageName>xmbj0009@2x.png</imageName>
			<imageName>xmbj0010@2x.png</imageName>
			<imageName>xmbj0011@2x.png</imageName>
			<imageName>xmbj0012@2x.png</imageName>
			<imageName>xmbj0013@2x.png</imageName>
			<imageName>xmbj0014@2x.png</imageName>
			<imageName>xmbj0015@2x.png</imageName>
			<imageName>xmbj0016@2x.png</imageName>
			<imageName>xmbj0017@2x.png</imageName>
			<imageName>xmbj0018@2x.png</imageName>
			<imageName>xmbj0019@2x.png</imageName>
			<imageName>xmbj0020@2x.png</imageName>
			<imageName>xmbj0021@2x.png</imageName>
			<imageName>xmbj0022@2x.png</imageName>
			<imageName>xmbj0023@2x.png</imageName>
			<imageName>xmbj0024@2x.png</imageName>
			<imageName>xmbj0025@2x.png</imageName>
			<imageName>xmbj0026@2x.png</imageName>
			<imageName>xmbj0027@2x.png</imageName>
			<imageName>xmbj0028@2x.png</imageName>
			<imageName>xmbj0029@2x.png</imageName>
			<imageName>xmbj0030@2x.png</imageName>
			<imageName>xmbj0031@2x.png</imageName>
			<imageName>xmbj0032@2x.png</imageName>
			<imageName>xmbj0033@2x.png</imageName>
			<imageName>xmbj0034@2x.png</imageName>
			<imageName>xmbj0035@2x.png</imageName>
			<imageName>xmbj0036@2x.png</imageName>
			<imageName>xmbj0037@2x.png</imageName>
		</imageList>
	</eye>	
	<bottom>
		<width>300</width>
		<height>400</height>
		<duration>0.08</duration>
		<imageList>
			<imageName>xm0001@2x.png</imageName>
			<imageName>xm0002@2x.png</imageName>
			<imageName>xm0003@2x.png</imageName>
			<imageName>xm0004@2x.png</imageName>
			<imageName>xm0005@2x.png</imageName>
			<imageName>xm0006@2x.png</imageName>
			<imageName>xm0007@2x.png</imageName>
			<imageName>xm0008@2x.png</imageName>
			<imageName>xm0009@2x.png</imageName>
			<imageName>xm0010@2x.png</imageName>
			<imageName>xm0011@2x.png</imageName>
			<imageName>xm0012@2x.png</imageName>
			<imageName>xm0013@2x.png</imageName>
			<imageName>xm0014@2x.png</imageName>
			<imageName>xm0015@2x.png</imageName>
			<imageName>xm0016@2x.png</imageName>
			<imageName>xm0017@2x.png</imageName>
			<imageName>xm0018@2x.png</imageName>
			<imageName>xm0019@2x.png</imageName>
			<imageName>xm0020@2x.png</imageName>
			<imageName>xm0021@2x.png</imageName>
			<imageName>xm0022@2x.png</imageName>
			<imageName>xm0023@2x.png</imageName>
			<imageName>xm0024@2x.png</imageName>
			<imageName>xm0025@2x.png</imageName>
			<imageName>xm0026@2x.png</imageName>
			<imageName>xm0027@2x.png</imageName>
			<imageName>xm0028@2x.png</imageName>
			<imageName>xm0029@2x.png</imageName>
			<imageName>xm0030@2x.png</imageName>
			<imageName>xm0031@2x.png</imageName>
			<imageName>xm0032@2x.png</imageName>
			<imageName>xm0033@2x.png</imageName>
			<imageName>xm0034@2x.png</imageName>
			<imageName>xm0035@2x.png</imageName>
			<imageName>xm0036@2x.png</imageName>
			<imageName>xm0037@2x.png</imageName>
		</imageList>
	</bottom>
</animation>