{"id":"Y2FtZXJhLnB1dGFvLmlvXzExMw==","version":"3","category":"文字","icon":"2015041714292732323V1EFklL.png","icon_selected":"201504171429273232FsyIrtU0.png","totals":11,"attachment_size":"493","watermark_cover":"201504171429273232ixfxZ2if.png","elements":[{"id":"ffd52f3c7e12435a724a8f30fddadd9c","sample_image":"201504211429595025jooODnN1.png","watermark_image":"201504211429595025C1JAp22e.png","position":"center","type":"NORMAL","textElements":[]},{"id":"ad972f10e0800b49d76fed33a21f6698","sample_image":"201504211429595046N6ba8XOm.png","watermark_image":"201504211429595046qXeposF2.png","position":"center","type":"NORMAL","textElements":[]},{"id":"d34ab169b70c9dcd35e62896010cd9ff","sample_image":"201504211429595072JLOQJA7P.png","watermark_image":"201504211429595072VHNYLpeJ.png","position":"center","type":"NORMAL","textElements":[]},{"id":"8bf1211fd4b7b94528899de0a43b9fb3","sample_image":"201504211429595148LBBntTlP.png","watermark_image":"201504211429595148f08grgPD.png","position":"center","type":"NORMAL","textElements":[]},{"id":"a02ffd91ece5e7efeb46db8f10a74059","sample_image":"201504211429595169a9ai0lbm.png","watermark_image":"201504211429595169Kc3R7D3d.png","position":"center","type":"NORMAL","textElements":[]},{"id":"bca82e41ee7b0833588399b1fcd177c7","sample_image":"201504211429595203YoUC6ZJ5.png","watermark_image":"201504211429595203072UT9YC.png","position":"center","type":"NORMAL","textElements":[]},{"id":"00ec53c4682d36f5c4359f4ae7bd7ba1","sample_image":"201504211429595222e4V6y4Jl.png","watermark_image":"201504211429595222jB0oB1SN.png","position":"center","type":"NORMAL","textElements":[]},{"id":"c86a7ee3d8ef0b551ed58e354a836f2b","sample_image":"201504211429595557pP33VHBE.png","watermark_image":"201504211429595557QvOulZdp.png","position":"center","type":"NORMAL","textElements":[]},{"id":"a01a0380ca3c61428c26a231f0e49a09","sample_image":"201504211429595570KNwRkPUg.png","watermark_image":"201504211429595570TREotqBf.png","position":"center","type":"NORMAL","textElements":[]},{"id":"5a4b25aaed25c2ee1b74de72dc03c14e","sample_image":"201504211429595584iP04hujc.png","watermark_image":"201504211429595584hMj33xo8.png","position":"center","type":"NORMAL","textElements":[]},{"id":"f73b76ce8949fe29bf2a537cfa420e8f","sample_image":"201504211429595701oXbxDZtn.png","watermark_image":"201504211429595701ccwbHWKt.png","position":"center","type":"NORMAL","textElements":[]}]}