{"id":"Y2FtZXJhLnB1dGFvLmlvXzk3","version":"7","category":"表情","icon":"201504161429158410naXdwdvD.png","icon_selected":"201504161429158410UDLMRPHi.png","totals":14,"attachment_size":"738","watermark_cover":"201504151429084285Tt7zHxPV.jpg","elements":[{"id":"502e4a16930e414107ee22b6198c578f","sample_image":"201504211429595976HXxmdTcZ.png","watermark_image":"201504211429595976yLPd83kO.png","position":"center","type":"NORMAL","textElements":[]},{"id":"cfa0860e83a4c3a763a7e62d825349f7","sample_image":"201504211429595992FPUMb77n.png","watermark_image":"201504211429595992w21b909t.png","position":"center","type":"NORMAL","textElements":[]},{"id":"a4f23670e1833f3fdb077ca70bbd5d66","sample_image":"201504211429596008QyW6IohP.png","watermark_image":"201504211429596008sDNQSyVQ.png","position":"center","type":"NORMAL","textElements":[]},{"id":"b1a59b315fc9a3002ce38bbe070ec3f5","sample_image":"201504211429596046KzeF74Ei.png","watermark_image":"201504211429596046O1ccrB4S.png","position":"center","type":"NORMAL","textElements":[]},{"id":"36660e59856b4de58a219bcf4e27eba3","sample_image":"201504211429596060JLinHSQS.png","watermark_image":"2015042114295960605V2RmylR.png","position":"center","type":"NORMAL","textElements":[]},{"id":"8c19f571e251e61cb8dd3612f26d5ecf","sample_image":"201504151429086003MDvMwBUL.png","watermark_image":"201504151429086003RJhr5gQ6.png","position":"center","type":"NORMAL","textElements":[]},{"id":"d6baf65e0b240ce177cf70da146c8dc8","sample_image":"201504151429086017MFkAKZbO.png","watermark_image":"201504151429086017HhgiOhzH.png","position":"center","type":"NORMAL","textElements":[]},{"id":"e56954b4f6347e897f954495eab16a88","sample_image":"201504151429086030GHxxgl1z.png","watermark_image":"201504151429086030e9Z7Zll2.png","position":"center","type":"NORMAL","textElements":[]},{"id":"f7664060cc52bc6f3d620bcedc94a4b6","sample_image":"201504151429086062QXAZlB0K.png","watermark_image":"201504151429086062jXBY1byy.png","position":"center","type":"NORMAL","textElements":[]},{"id":"eda80a3d5b344bc40f3bc04f65b7a357","sample_image":"2015041514290860747XHPfWBB.png","watermark_image":"201504151429086074JSUzFebG.png","position":"center","type":"NORMAL","textElements":[]},{"id":"0c74b7f78409a4022a2c4c5a5ca3ee19","sample_image":"201504171429267794oShR5ERR.png","watermark_image":"201504171429267794yEh9bPv6.png","position":"center","type":"NORMAL","textElements":[]},{"id":"d709f38ef758b5066ef31b18039b8ce5","sample_image":"201504171429267808tlqeGy0i.png","watermark_image":"201504171429267808jnf5uO3h.png","position":"center","type":"NORMAL","textElements":[]},{"id":"41f1f19176d383480afa65d325c06ed0","sample_image":"201504171429267849q9kdIHTT.png","watermark_image":"2015041714292678492dn4Fm39.png","position":"center","type":"NORMAL","textElements":[]},{"id":"24b16fede9a67c9251d3e7c7161c83ac","sample_image":"2015041714292678830nPNsJRH.png","watermark_image":"201504171429267883FqWunI4U.png","position":"center","type":"NORMAL","textElements":[]}]}