{
  "version" : "3",
  "content" : {
    "camera_watermark" : [
      {
        "id": "Y2FtZXJhLnB1dGFvLmlvXzExOA==",
        "version": "2",
        "category": "推荐",
        "icon_selected" : "201505191432021895PmGQ0E0O.png",
        "icon" : "201505191432021895QU0yliev.png",
        "totals": 9,
         "attachment_size" : "1",
        "watermark_cover" : "201505191432021895qGHMqZ6d.jpg",
        "elements": [
          {
            "id": "3c7781a36bcd6cf08c11a970fbe0e2a6",
            "sample_image": "201505191432021992zGYUUPP2.png",
            "watermark_image": "201505191432021992UrlLL0EU.png",
            "position": "center",
            "type": "NORMAL",
            "textElements": [
            ]
          },
   {
      "id" : "faa9afea49ef2ff029a833cccc778fd0",
      "sample_image" : "201505191432021977ndSTB6Ln.png",
      "textElements" : [

      ],
      "watermark_image" : "201505191432021977gqjsecMz.png",
      "position" : "center",
      "type" : "NORMAL"
    },
    {
      "id" : "25b2822c2f5a3230abfadd476e8b04c9",
      "sample_image" : "201505191432022024Ns1NAPNy.png",
      "textElements" : [

      ],
      "watermark_image" : "2015051914320220249NFcHIK9.png",
      "position" : "center",
      "type" : "NORMAL"
    },
    {
      "id" : "6ecbdd6ec859d284dc13885a37ce8d81",
      "sample_image" : "201505191432022039RZuJb4Wm.png",
      "textElements" : [

      ],
      "watermark_image" : "2015051914320220399MMT8MzI.png",
      "position" : "center",
      "type" : "NORMAL"
    },
    {
      "id" : "18997733ec258a9fcaf239cc55d53363",
      "sample_image" : "201505191432022053DuO5MxtQ.png",
      "textElements" : [

      ],
      "watermark_image" : "2015051914320220538GJtC2qi.png",
      "position" : "center",
      "type" : "NORMAL"
    },
    {
      "id" : "8d7d8ee069cb0cbbf816bbb65d56947e",
      "sample_image" : "201505191432022068z1kG7Tvt.png",
      "textElements" : [

      ],
      "watermark_image" : "201505191432022068XFm58Mhm.png",
      "position" : "center",
      "type" : "NORMAL"
    },
    {
      "id" : "75fc093c0ee742f6dddaa13fff98f104",
      "sample_image" : "201505191432022083t6X9wRdw.png",
      "textElements" : [

      ],
      "watermark_image" : "201505191432022083NUJi1b7i.png",
      "position" : "center",
      "type" : "NORMAL"
    },
    {
      "id" : "f74909ace68e51891440e4da0b65a70c",
      "sample_image" : "201505191432022101AMO6uiNF.png",
      "textElements" : [

      ],
      "watermark_image" : "201505191432022101vRnNPwhC.png",
      "position" : "center",
      "type" : "NORMAL"
    },
    {
      "id" : "66368270ffd51418ec58bd793f2d9b1b",
      "sample_image" : "201505191432022116ciuRI6Yb.png",
      "textElements" : [

      ],
      "watermark_image" : "201505191432022116h8hM4DPB.png",
      "position" : "center",
      "type" : "NORMAL"
    }
        ]
      }
    ],
    "photo_watermark" : [
	{
        "id" : "49d666102efd4d2ca2c763tujiandssw0bd6b7b85",
        "filename": "watermark118",
        "wid": "10000",
        "isfirst": "1"
      },
      {
        "id": "49d638102efd4d2ca3332c763d0bd6b7b85",
        "filename": "watermark117",
        "wid": "30000",
        "isfirst": "1"
      },
      {
        "id" : "49d638102efd4d2ca3332c763d0bd6b7b85",
        "filename": "watermark95",
        "wid": "20000",
        "isfirst": "1"
      },
      {
        "id": "49d638102efd4d2ca3332c763d0bd6b7b85",
        "filename": "watermark97",
        "wid": "40000",
        "isfirst": "1"
      },
      {
        "id": "49d638102efd4d2ca3332c763d0bd6b7b85",
        "filename": "watermark113",
        "wid": "50000",
        "isfirst": "1"
      }
    ]
  }
}