{"id":"Y2FtZXJhLnB1dGFvLmlvXzk1","version":"6","category":"装饰","icon":"201504161429158330QNfdsbIQ.png","icon_selected":"201504161429158330fDwyuFXO.png","totals":25,"attachment_size":"645","watermark_cover":"201504151429083189SdFtSN2U.jpg","elements":[{"id":"e165421110ba03099a1c0393373c5b43","sample_image":"201504151429085170fzGKn8JB.png","watermark_image":"201504151429085170qZRRy9o0.png","position":"center","type":"NORMAL","textElements":[]},{"id":"289dff07669d7a23de0ef88d2f7129e7","sample_image":"201504151429085183dZUp2ze9.png","watermark_image":"201504151429085183V36IowFM.png","position":"center","type":"NORMAL","textElements":[]},{"id":"577ef1154f3240ad5b9b413aa7346a1e","sample_image":"201504151429085198k77zY17d.png","watermark_image":"201504151429085198qQ0tm3F1.png","position":"center","type":"NORMAL","textElements":[]},{"id":"01161aaa0b6d1345dd8fe4e481144d84","sample_image":"2015041514290852145gMFwngU.png","watermark_image":"201504151429085214avuNQXIj.png","position":"center","type":"NORMAL","textElements":[]},{"id":"539fd53b59e3bb12d203f45a912eeaf2","sample_image":"2015041514290852272PY1pbvP.png","watermark_image":"201504151429085227R6lAMKpU.png","position":"center","type":"NORMAL","textElements":[]},{"id":"ac1dd209cbcc5e5d1c6e28598e8cbbe8","sample_image":"201504151429085244ptWbJRib.png","watermark_image":"201504151429085244EeZA6yqy.png","position":"center","type":"NORMAL","textElements":[]},{"id":"555d6702c950ecb729a966504af0a635","sample_image":"201504211429596540yZvItCBQ.png","watermark_image":"201504211429596540La1yB9y2.png","position":"center","type":"NORMAL","textElements":[]},{"id":"335f5352088d7d9bf74191e006d8e24c","sample_image":"201504151429085271xtL8oOM6.png","watermark_image":"201504151429085271okJLcquy.png","position":"center","type":"NORMAL","textElements":[]},{"id":"f340f1b1f65b6df5b5e3f94d95b11daf","sample_image":"201504151429085284pwn1OwQK.png","watermark_image":"201504151429085284vSI7qR7Y.png","position":"center","type":"NORMAL","textElements":[]},{"id":"e4a6222cdb5b34375400904f03d8e6a5","sample_image":"201504151429085342Mhwdi3c0.png","watermark_image":"201504151429085342R8aHyDqD.png","position":"center","type":"NORMAL","textElements":[]},{"id":"cb70ab375662576bd1ac5aaf16b3fca4","sample_image":"2015041514290853683DP14i4o.png","watermark_image":"201504151429085368GrV8r1hu.png","position":"center","type":"NORMAL","textElements":[]},{"id":"9188905e74c28e489b44e954ec0b9bca","sample_image":"201504151429085383peDvcfCk.png","watermark_image":"2015041514290853838jC86Gjh.png","position":"center","type":"NORMAL","textElements":[]},{"id":"0266e33d3f546cb5436a10798e657d97","sample_image":"201504151429085406XWJk19qV.png","watermark_image":"2015041514290854063s7PbrBE.png","position":"center","type":"NORMAL","textElements":[]},{"id":"38db3aed920cf82ab059bfccbd02be6a","sample_image":"201504151429085422GezWcOpZ.png","watermark_image":"201504151429085422R4sEoayl.png","position":"center","type":"NORMAL","textElements":[]},{"id":"3cec07e9ba5f5bb252d13f5f431e4bbb","sample_image":"201504151429085473Pu9ZEPq8.png","watermark_image":"201504151429085473HiuYmCUC.png","position":"center","type":"NORMAL","textElements":[]},{"id":"621bf66ddb7c962aa0d22ac97d69b793","sample_image":"201504151429085551TiD4nt68.png","watermark_image":"201504151429085551V6HD46sY.png","position":"center","type":"NORMAL","textElements":[]},{"id":"077e29b11be80ab57e1a2ecabb7da330","sample_image":"201504151429085564umKdlxv2.png","watermark_image":"20150415142908556400ldTlsD.png","position":"center","type":"NORMAL","textElements":[]},{"id":"6c9882bbac1c7093bd25041881277658","sample_image":"201504151429085579vvl3M1dS.png","watermark_image":"201504151429085579iXPuYOly.png","position":"center","type":"NORMAL","textElements":[]},{"id":"19f3cd308f1455b3fa09a282e0d496f4","sample_image":"201504151429085594qgTUIao3.png","watermark_image":"201504151429085594Lfgka55Y.png","position":"center","type":"NORMAL","textElements":[]},{"id":"9be40cee5b0eee1462c82c6964087ff9","sample_image":"201504171429267597lo0X7Hel.png","watermark_image":"201504171429267597ERR87Nrc.png","position":"center","type":"NORMAL","textElements":[]},{"id":"5ef698cd9fe650923ea331c15af3b160","sample_image":"201504171429267618zh5LyAwI.png","watermark_image":"201504171429267618Bkd8vp0I.png","position":"center","type":"NORMAL","textElements":[]},{"id":"05049e90fa4f5039a8cadc6acbb4b2cc","sample_image":"201504171429267630cjPKQI4L.png","watermark_image":"201504171429267630o2Ardmdo.png","position":"center","type":"NORMAL","textElements":[]},{"id":"cf004fdc76fa1a4f25f62e0eb5261ca3","sample_image":"2015041714292676439TJSTiQj.png","watermark_image":"201504171429267643y2MBUcoW.png","position":"center","type":"NORMAL","textElements":[]},{"id":"70c639df5e30bdee440e4cdf599fec2b","sample_image":"2015042114295966829GOkR6Tp.png","watermark_image":"201504211429596682h94HUMyz.png","position":"center","type":"NORMAL","textElements":[]},{"id":"28f0b864598a1291557bed248a998d4e","sample_image":"201504211429596763Wo5bpnCc.png","watermark_image":"201504211429596763N8XWqH76.png","position":"center","type":"NORMAL","textElements":[]}]}