{"id":"Y2FtZXJhLnB1dGFvLmlvXzExOA==","version":"1","category":"推荐","icon":"201505191432021895QU0yliev.png","icon_selected":"201505191432021895PmGQ0E0O.png","totals":9,"attachment_size":"1","watermark_cover":"201505191432021895qGHMqZ6d.jpg","elements":[{"id":"faa9afea49ef2ff029a833cccc778fd0","sample_image":"201505191432021977ndSTB6Ln.png","watermark_image":"201505191432021977gqjsecMz.png","position":"center","type":"NORMAL","textElements":[]},{"id":"3c7781a36bcd6cf08c11a970fbe0e2a6","sample_image":"201505191432021992zGYUUPP2.png","watermark_image":"201505191432021992UrlLL0EU.png","position":"center","type":"NORMAL","textElements":[]},{"id":"25b2822c2f5a3230abfadd476e8b04c9","sample_image":"201505191432022024Ns1NAPNy.png","watermark_image":"2015051914320220249NFcHIK9.png","position":"center","type":"NORMAL","textElements":[]},{"id":"6ecbdd6ec859d284dc13885a37ce8d81","sample_image":"201505191432022039RZuJb4Wm.png","watermark_image":"2015051914320220399MMT8MzI.png","position":"center","type":"NORMAL","textElements":[]},{"id":"18997733ec258a9fcaf239cc55d53363","sample_image":"201505191432022053DuO5MxtQ.png","watermark_image":"2015051914320220538GJtC2qi.png","position":"center","type":"NORMAL","textElements":[]},{"id":"8d7d8ee069cb0cbbf816bbb65d56947e","sample_image":"201505191432022068z1kG7Tvt.png","watermark_image":"201505191432022068XFm58Mhm.png","position":"center","type":"NORMAL","textElements":[]},{"id":"75fc093c0ee742f6dddaa13fff98f104","sample_image":"201505191432022083t6X9wRdw.png","watermark_image":"201505191432022083NUJi1b7i.png","position":"center","type":"NORMAL","textElements":[]},{"id":"f74909ace68e51891440e4da0b65a70c","sample_image":"201505191432022101AMO6uiNF.png","watermark_image":"201505191432022101vRnNPwhC.png","position":"center","type":"NORMAL","textElements":[]},{"id":"66368270ffd51418ec58bd793f2d9b1b","sample_image":"201505191432022116ciuRI6Yb.png","watermark_image":"201505191432022116h8hM4DPB.png","position":"center","type":"NORMAL","textElements":[]}]}