<animation>
	<eye>
		<width>300</width>
		<height>400</height>
		<distance>96</distance>
		<centerX>150</centerX>
		<centerY>175</centerY>
		<duration>0.08</duration>
		<imageList>
			<imageName>kq0001@2x.png</imageName>
			<imageName>kq0002@2x.png</imageName>
			<imageName>kq0003@2x.png</imageName>
			<imageName>kq0004@2x.png</imageName>
			<imageName>kq0005@2x.png</imageName>
			<imageName>kq0006@2x.png</imageName>
			<imageName>kq0007@2x.png</imageName>
			<imageName>kq0008@2x.png</imageName>
			<imageName>kq0009@2x.png</imageName>
			<imageName>kq0010@2x.png</imageName>
			<imageName>kq0011@2x.png</imageName>
			<imageName>kq0012@2x.png</imageName>
			<imageName>kq0013@2x.png</imageName>
			<imageName>kq0014@2x.png</imageName>
			<imageName>kq0015@2x.png</imageName>
			<imageName>kq0016@2x.png</imageName>
			<imageName>kq0017@2x.png</imageName>
			<imageName>kq0018@2x.png</imageName>
			<imageName>kq0019@2x.png</imageName>
			<imageName>kq0020@2x.png</imageName>
			<imageName>kq0021@2x.png</imageName>
			<imageName>kq0022@2x.png</imageName>
			<imageName>kq0023@2x.png</imageName>
			<imageName>kq0024@2x.png</imageName>
			<imageName>kq0025@2x.png</imageName>
			<imageName>kq0026@2x.png</imageName>
			<imageName>kq0027@2x.png</imageName>
			<imageName>kq0028@2x.png</imageName>
			<imageName>kq0029@2x.png</imageName>
			<imageName>kq0030@2x.png</imageName>
			<imageName>kq0031@2x.png</imageName>
			<imageName>kq0032@2x.png</imageName>
			<imageName>kq0033@2x.png</imageName>
			<imageName>kq0034@2x.png</imageName>
			<imageName>kq0035@2x.png</imageName>
			<imageName>kq0036@2x.png</imageName>
			<imageName>kq0037@2x.png</imageName>
		</imageList>
	</eye>	
	<bottom>
		<width>300</width>
		<height>400</height>
		<duration>0.08</duration>
		<imageList>
			<imageName>kqbj0001@2x.png</imageName>
			<imageName>kqbj0002@2x.png</imageName>
			<imageName>kqbj0003@2x.png</imageName>
			<imageName>kqbj0004@2x.png</imageName>
			<imageName>kqbj0005@2x.png</imageName>
			<imageName>kqbj0006@2x.png</imageName>
			<imageName>kqbj0007@2x.png</imageName>
			<imageName>kqbj0008@2x.png</imageName>
			<imageName>kqbj0009@2x.png</imageName>
			<imageName>kqbj0010@2x.png</imageName>
			<imageName>kqbj0011@2x.png</imageName>
			<imageName>kqbj0012@2x.png</imageName>
			<imageName>kqbj0013@2x.png</imageName>
			<imageName>kqbj0014@2x.png</imageName>
			<imageName>kqbj0015@2x.png</imageName>
			<imageName>kqbj0016@2x.png</imageName>
			<imageName>kqbj0017@2x.png</imageName>
			<imageName>kqbj0018@2x.png</imageName>
			<imageName>kqbj0019@2x.png</imageName>
			<imageName>kqbj0020@2x.png</imageName>
			<imageName>kqbj0021@2x.png</imageName>
			<imageName>kqbj0022@2x.png</imageName>
			<imageName>kqbj0023@2x.png</imageName>
			<imageName>kqbj0024@2x.png</imageName>
			<imageName>kqbj0025@2x.png</imageName>
			<imageName>kqbj0026@2x.png</imageName>
			<imageName>kqbj0027@2x.png</imageName>
			<imageName>kqbj0028@2x.png</imageName>
			<imageName>kqbj0029@2x.png</imageName>
			<imageName>kqbj0030@2x.png</imageName>
			<imageName>kqbj0031@2x.png</imageName>
			<imageName>kqbj0032@2x.png</imageName>
			<imageName>kqbj0033@2x.png</imageName>
			<imageName>kqbj0034@2x.png</imageName>
			<imageName>kqbj0035@2x.png</imageName>
			<imageName>kqbj0036@2x.png</imageName>
			<imageName>kqbj0037@2x.png</imageName>
		</imageList>
	</bottom>
</animation>