{"id":"Y2FtZXJhLnB1dGFvLmlvXzExNw==","version":"7","category":"能干的我","icon":"201505181431935183NrfvZgUC.png","icon_selected":"201505181431935183rrSodqFN.png","totals":7,"attachment_size":"562","watermark_cover":"2015051814319351831TP1HYKy.png","elements":[{"id":"8fe0093bb30d6f8c31474bd0764e6ac0","sample_image":"201505181431935230HjArT3pG.png","watermark_image":"20150518143193523000VmeKdr.png","position":"center","type":"NORMAL","textElements":[]},{"id":"41ae36ecb9b3eee609d05b90c14222fb","sample_image":"201505181431935243A2rKmeJK.png","watermark_image":"201505181431935243zF2LiHqd.png","position":"center","type":"NORMAL","textElements":[]},{"id":"d1f255a373a3cef72e03aa9d980c7eca","sample_image":"201505181431935259Pzs2Kh8e.png","watermark_image":"201505181431935259NFaZbr9o.png","position":"center","type":"NORMAL","textElements":[]},{"id":"7eacb532570ff6858afd2723755ff790","sample_image":"2015051814319352791hNYJ5HM.png","watermark_image":"201505181431935279MN0RENPX.png","position":"center","type":"NORMAL","textElements":[]},{"id":"b6f0479ae87d244975439c6124592772","sample_image":"201505181431935297Q8zLzH46.png","watermark_image":"201505181431935297s4FqJGOT.png","position":"center","type":"NORMAL","textElements":[]},{"id":"e0c641195b27425bb056ac56f8953d24","sample_image":"201505181431935312Udpgm7BT.png","watermark_image":"201505181431935312d2nPO2tB.png","position":"center","type":"NORMAL","textElements":[]},{"id":"f85454e8279be180185cac7d243c5eb3","sample_image":"2015051814319353270hd54zks.png","watermark_image":"201505181431935327QPlm3bR1.png","position":"center","type":"NORMAL","textElements":[]}]}