{
    "version": "1",
    "content": {
        "collage_image": [
              {
                "elements" : [
                  {
                    "id" : "839ab46820b524afda05122893c2fe8e",
                    "sample_image" : "2015051814319384032VX4zS82.png",
                    "mask_image" : "201505181431938403G2ewNJMr.png",
                    "textElements" : [

                    ],
                    "imageElements" : [
                      {
                        "pointArray" : [
                          {
                            "point_x" : "0",
                            "point_y" : "122"
                          },
                          {
                            "point_x" : "28",
                            "point_y" : "17"
                          },
                          {
                            "point_x" : "640",
                            "point_y" : "122"
                          },
                          {
                            "point_x" : "640",
                            "point_y" : "960"
                          },
                          {
                            "point_x" : "0",
                            "point_y" : "960"
                          }
                        ]
                      }
                    ]
                  }
                ],
                "id" : "c4ca4238a0b923820dcc509a6f75849b",
                "category" : "1",
                "attachment_size" : 384982
              },
              {
                  "elements" : [
                    {
                      "id" : "f90f2aca5c640289d0a29417bcb63a37",
                      "sample_image" : "201505181431938641UbDPIXsg.png",
                      "mask_image" : "201505181431938641wGzCiDim.png",
                      "textElements" : [

                      ],
                      "imageElements" : [
                        {
                          "pointArray" : [
                            {
                              "point_x" : "0",
                              "point_y" : "16"
                            },
                            {
                              "point_x" : "640",
                              "point_y" : "16"
                            },
                            {
                              "point_x" : "634",
                              "point_y" : "514"
                            },
                            {
                              "point_x" : "464",
                              "point_y" : "532"
                            },
                            {
                              "point_x" : "204",
                              "point_y" : "692"
                            },
                            {
                              "point_x" : "0",
                              "point_y" : "692"
                            }
                          ]
                        },
                        {
                          "pointArray" : [
                            {
                              "point_x" : "290",
                              "point_y" : "636"
                            },
                            {
                              "point_x" : "464",
                              "point_y" : "532"
                            },
                            {
                              "point_x" : "640",
                              "point_y" : "578"
                            },
                            {
                              "point_x" : "640",
                              "point_y" : "960"
                            },
                            {
                              "point_x" : "290",
                              "point_y" : "960"
                            }
                          ]
                        }
                      ]
                    }
                  ],
                  "id" : "c81e728d9d4c2f636f067f89cc14862c",
                  "category" : "2",
                  "attachment_size" : 332741
                },
                {
                  "elements" : [
                    {
                      "id" : "9c838d2e45b2ad1094d42f4ef36764f6",
                      "sample_image" : "2015051814319389798VMEt2pB.png",
                      "mask_image" : "20150518143193897912qVwYoY.png",
                      "textElements" : [

                      ],
                      "imageElements" : [
                        {
                          "pointArray" : [
                            {
                              "point_x" : "120",
                              "point_y" : "0"
                            },
                            {
                              "point_x" : "640",
                              "point_y" : "0"
                            },
                            {
                              "point_x" : "640",
                              "point_y" : "582"
                            },
                            {
                              "point_x" : "120",
                              "point_y" : "582"
                            }
                          ]
                        },
                        {
                          "pointArray" : [
                            {
                              "point_x" : "120",
                              "point_y" : "582"
                            },
                            {
                              "point_x" : "396",
                              "point_y" : "582"
                            },
                            {
                              "point_x" : "396",
                              "point_y" : "960"
                            },
                            {
                              "point_x" : "120",
                              "point_y" : "960"
                            }
                          ]
                        },
                        {
                          "pointArray" : [
                            {
                              "point_x" : "396",
                              "point_y" : "582"
                            },
                            {
                              "point_x" : "640",
                              "point_y" : "582"
                            },
                            {
                              "point_x" : "640",
                              "point_y" : "960"
                            },
                            {
                              "point_x" : "396",
                              "point_y" : "960"
                            }
                          ]
                        }
                      ]
                    }
                  ],
                  "id" : "eccbc87e4b5ce2fe28308fd9f2a7baf3",
                  "category" : "3",
                  "attachment_size" : 479606
                },
                {
                    "elements" : [
                      {
                        "id" : "1700002963a49da13542e0726b7bb758",
                        "sample_image" : "201505181431939231bBSKWmDO.png",
                        "mask_image" : "2015051814319392310Cmk9Ji3.png",
                        "textElements" : [

                        ],
                        "imageElements" : [
                          {
                            "pointArray" : [
                              {
                                "point_x" : "0",
                                "point_y" : "26"
                              },
                              {
                                "point_x" : "312",
                                "point_y" : "26"
                              },
                              {
                                "point_x" : "312",
                                "point_y" : "506"
                              },
                              {
                                "point_x" : "0",
                                "point_y" : "452"
                              }
                            ]
                          },
                          {
                            "pointArray" : [
                              {
                                "point_x" : "0",
                                "point_y" : "452"
                              },
                              {
                                "point_x" : "312",
                                "point_y" : "506"
                              },
                              {
                                "point_x" : "312",
                                "point_y" : "926"
                              },
                              {
                                "point_x" : "0",
                                "point_y" : "926"
                              }
                            ]
                          },
                          {
                            "pointArray" : [
                              {
                                "point_x" : "312",
                                "point_y" : "26"
                              },
                              {
                                "point_x" : "640",
                                "point_y" : "26"
                              },
                              {
                                "point_x" : "640",
                                "point_y" : "402"
                              },
                              {
                                "point_x" : "312",
                                "point_y" : "402"
                              }
                            ]
                          },
                          {
                            "pointArray" : [
                              {
                                "point_x" : "312",
                                "point_y" : "624"
                              },
                              {
                                "point_x" : "640",
                                "point_y" : "624"
                              },
                              {
                                "point_x" : "640",
                                "point_y" : "926"
                              },
                              {
                                "point_x" : "312",
                                "point_y" : "926"
                              }
                            ]
                          }
                        ]
                      }
                    ],
                    "id" : "a87ff679a2f3e71d9181a67b7542122c",
                    "category" : "4",
                    "attachment_size" : 333139
                  },
                  {
                    "elements" : [
                      {
                        "id" : "53c3bce66e43be4f209556518c2fcb54",
                        "sample_image" : "201505181431945554GMyvyuqW.png",
                        "mask_image" : "201505181431939651VDWiI0RV.png",
                        "textElements" : [

                        ],
                        "imageElements" : [
                          {
                            "pointArray" : [
                              {
                                "point_x" : "4",
                                "point_y" : "32"
                              },
                              {
                                "point_x" : "260",
                                "point_y" : "32"
                              },
                              {
                                "point_x" : "260",
                                "point_y" : "310"
                              },
                              {
                                "point_x" : "4",
                                "point_y" : "310"
                              }
                            ]
                          },
                          {
                            "pointArray" : [
                              {
                                "point_x" : "10",
                                "point_y" : "360"
                              },
                              {
                                "point_x" : "240",
                                "point_y" : "320"
                              },
                              {
                                "point_x" : "300",
                                "point_y" : "620"
                              },
                              {
                                "point_x" : "56",
                                "point_y" : "662"
                              }
                            ]
                          },
                          {
                            "pointArray" : [
                              {
                                "point_x" : "280",
                                "point_y" : "0"
                              },
                              {
                                "point_x" : "640",
                                "point_y" : "0"
                              },
                              {
                                "point_x" : "640",
                                "point_y" : "454"
                              },
                              {
                                "point_x" : "280",
                                "point_y" : "454"
                              }
                            ]
                          },
                          {
                            "pointArray" : [
                              {
                                "point_x" : "320",
                                "point_y" : "450"
                              },
                              {
                                "point_x" : "640",
                                "point_y" : "450"
                              },
                              {
                                "point_x" : "640",
                                "point_y" : "688"
                              },
                              {
                                "point_x" : "302",
                                "point_y" : "672"
                              }
                            ]
                          },
                          {
                            "pointArray" : [
                              {
                                "point_x" : "266",
                                "point_y" : "688"
                              },
                              {
                                "point_x" : "640",
                                "point_y" : "688"
                              },
                              {
                                "point_x" : "640",
                                "point_y" : "960"
                              },
                              {
                                "point_x" : "266",
                                "point_y" : "960"
                              }
                            ]
                          }
                        ]
                      }
                    ],
                    "id" : "e4da3b7fbbce2345d7772b0674a318d5",
                    "category" : "5",
                    "attachment_size" : 373730
                  },
                  {
                      "elements" : [
                        {
                          "id" : "6883966fd8f918a4aa29be29d2c386fb",
                          "sample_image" : "201505181431940287deZH6AkZ.png",
                          "mask_image" : "2015051814319402875PC1m4oc.png",
                          "textElements" : [

                          ],
                          "imageElements" : [
                            {
                              "pointArray" : [
                                {
                                  "point_x" : "0",
                                  "point_y" : "0"
                                },
                                {
                                  "point_x" : "196",
                                  "point_y" : "0"
                                },
                                {
                                  "point_x" : "196",
                                  "point_y" : "480"
                                },
                                {
                                  "point_x" : "0",
                                  "point_y" : "480"
                                }
                              ]
                            },
                            {
                              "pointArray" : [
                                {
                                  "point_x" : "0",
                                  "point_y" : "480"
                                },
                                {
                                  "point_x" : "196",
                                  "point_y" : "480"
                                },
                                {
                                  "point_x" : "196",
                                  "point_y" : "960"
                                },
                                {
                                  "point_x" : "0",
                                  "point_y" : "960"
                                }
                              ]
                            },
                            {
                              "pointArray" : [
                                {
                                  "point_x" : "196",
                                  "point_y" : "0"
                                },
                                {
                                  "point_x" : "390",
                                  "point_y" : "0"
                                },
                                {
                                  "point_x" : "390",
                                  "point_y" : "320"
                                },
                                {
                                  "point_x" : "196",
                                  "point_y" : "320"
                                }
                              ]
                            },
                            {
                              "pointArray" : [
                                {
                                  "point_x" : "196",
                                  "point_y" : "638"
                                },
                                {
                                  "point_x" : "390",
                                  "point_y" : "638"
                                },
                                {
                                  "point_x" : "390",
                                  "point_y" : "960"
                                },
                                {
                                  "point_x" : "196",
                                  "point_y" : "960"
                                }
                              ]
                            },
                            {
                              "pointArray" : [
                                {
                                  "point_x" : "196",
                                  "point_y" : "320"
                                },
                                {
                                  "point_x" : "390",
                                  "point_y" : "320"
                                },
                                {
                                  "point_x" : "390",
                                  "point_y" : "638"
                                },
                                {
                                  "point_x" : "196",
                                  "point_y" : "638"
                                }
                              ]
                            },
                            {
                              "pointArray" : [
                                {
                                  "point_x" : "390",
                                  "point_y" : "0"
                                },
                                {
                                  "point_x" : "640",
                                  "point_y" : "0"
                                },
                                {
                                  "point_x" : "640",
                                  "point_y" : "178"
                                },
                                {
                                  "point_x" : "390",
                                  "point_y" : "178"
                                }
                              ]
                            },
                            {
                              "pointArray" : [
                                {
                                  "point_x" : "390",
                                  "point_y" : "178"
                                },
                                {
                                  "point_x" : "640",
                                  "point_y" : "178"
                                },
                                {
                                  "point_x" : "640",
                                  "point_y" : "352"
                                },
                                {
                                  "point_x" : "390",
                                  "point_y" : "352"
                                }
                              ]
                            },
                            {
                              "pointArray" : [
                                {
                                  "point_x" : "390",
                                  "point_y" : "352"
                                },
                                {
                                  "point_x" : "640",
                                  "point_y" : "352"
                                },
                                {
                                  "point_x" : "640",
                                  "point_y" : "526"
                                },
                                {
                                  "point_x" : "390",
                                  "point_y" : "526"
                                }
                              ]
                            },
                            {
                              "pointArray" : [
                                {
                                  "point_x" : "390",
                                  "point_y" : "526"
                                },
                                {
                                  "point_x" : "640",
                                  "point_y" : "526"
                                },
                                {
                                  "point_x" : "640",
                                  "point_y" : "702"
                                },
                                {
                                  "point_x" : "390",
                                  "point_y" : "702"
                                }
                              ]
                            }
                          ]
                        }
                      ],
                      "id" : "45c48cce2e2d7fbdea1afc51c7c6ad26",
                      "category" : "9",
                      "attachment_size" : 368403
                    }


                                    
                          ],
        "connect_image": [
                             {
                             "id": "49d666102efd436482c763dvc0bd6b7b89",
                             "sample_image": "connect_list_0001.png",
                             "mask_middle_image": "connect_cut01_middle.png",
                             "mask_top_image": "connect_cut01_top.png",
                             "mask_bottom_image": "connect_cut01_bottom.png"
                             },
                             {
                             "id": "49d62f102efd436482c5f763d0bd6b7b89",
                             "sample_image": "connect_list_0002.png",
                             "mask_middle_image": "connect_cut02_middle.png",
                             "mask_top_image": "connect_cut02_top.png",
                             "mask_bottom_image": "connect_cut02_bottom.png"
                             },
                             {
                             "id": "49d8jg102efd4364dx82c763d0bd6b7b89",
                             "sample_image": "connect_list_0003.png",
                             "mask_middle_image": "connect_cut03_middle.png",
                             "mask_top_image": "connect_cut03_top.png",
                             "mask_bottom_image": "connect_cut03_bottom.png"
                             },
                             {
                             "id": "49da2c102efd436482ckn763d0bd6b7b89",
                             "sample_image": "connect_list_0004.png",
                             "mask_middle_image": "connect_cut04_middle.png",
                             "mask_top_image": "connect_cut04_top.png",
                             "mask_bottom_image": "connect_cut04_bottom.png"
                             }
                             ]
    }
}